{
  "conn": {
    "10.180.68.58": {
      "mean": 2.888888888888889,
      "std": 0.7370277311900889
    },
    "20.42.65.89": {
      "mean": 1.0,
      "std": 0.1
    },
    "4.153.57.10": {
      "mean": 1.0,
      "std": 0.1
    },
    "103.181.164.30": {
      "mean": 11.777777777777779,
      "std": 4.732342097565968
    },
    "122.14.229.214": {
      "mean": 1.0,
      "std": 0.1
    },
    "122.14.229.150": {
      "mean": 1.0,
      "std": 0.1
    },
    "43.250.32.184": {
      "mean": 1.875,
      "std": 0.7806247497997998
    },
    "182.61.200.108": {
      "mean": 1.875,
      "std": 0.7806247497997998
    },
    "106.11.47.6": {
      "mean": 1.0,
      "std": 0.1
    },
    "20.42.65.93": {
      "mean": 4.5,
      "std": 1.3228756555322954
    },
    "116.205.40.113": {
      "mean": 1.0,
      "std": 0.1
    },
    "120.133.65.238": {
      "mean": 1.0,
      "std": 0.1
    },
    "183.192.205.169": {
      "mean": 1.0,
      "std": 0.1
    },
    "222.192.186.33": {
      "mean": 1.0,
      "std": 0.1
    },
    "20.184.175.15": {
      "mean": 3.0,
      "std": 0.1
    },
    "43.137.229.34": {
      "mean": 1.8571428571428572,
      "std": 0.34992710611188266
    },
    "52.178.17.233": {
      "mean": 1.0,
      "std": 0.1
    },
    "43.141.132.124": {
      "mean": 1.0,
      "std": 0.1
    },
    "74.179.65.112": {
      "mean": 1.0,
      "std": 0.1
    }
  },
  "fail": {},
  "lateral": {},
  "external": {
    "10.180.68.58": {
      "mean": 15.222222222222221,
      "std": 5.370242654930921
    }
  }
}